year,island,island_olelo,county,county_olelo,species_group,ecosystem_type,exchange_value,exchange_value_formatted
2005,Hawaii,Hawaiʻi,Hawaii,Hawaiʻi,Herbivores,All Ecosystems,300588.77101082925,"$300,589"
2005,Hawaii,Hawaiʻi,Hawaii,Hawaiʻi,Herbivores,Inshore — Reef,300588.77101082925,"$300,589"
2005,Hawaii,Hawaiʻi,Hawaii,Hawaiʻi,Herbivores,Coastal — Open Ocean,0.0,$0
2005,Kauai,Kauaʻi,Kauai,Kauaʻi,Herbivores,All Ecosystems,73724.19430652258,"$73,724"
2005,Kauai,Kauaʻi,Kauai,Kauaʻi,Herbivores,Inshore — Reef,73724.19430652258,"$73,724"
2005,Kauai,Kauaʻi,Kauai,Kauaʻi,Herbivores,Coastal — Open Ocean,0.0,$0
2005,Lanai,Lānaʻi,Maui,Maui,Herbivores,All Ecosystems,8315.04691017696,"$8,315"
2005,Lanai,Lānaʻi,Maui,Maui,Herbivores,Inshore — Reef,8315.04691017696,"$8,315"
2005,Lanai,Lānaʻi,Maui,Maui,Herbivores,Coastal — Open Ocean,0.0,$0
2005,Maui,Maui,Maui,Maui,Herbivores,All Ecosystems,131057.17653438573,"$131,057"
2005,Maui,Maui,Maui,Maui,Herbivores,Inshore — Reef,131057.17653438573,"$131,057"
2005,Maui,Maui,Maui,Maui,Herbivores,Coastal — Open Ocean,0.0,$0
2005,Molokai,Molokaʻi,Maui,Maui,Herbivores,All Ecosystems,71245.35504390174,"$71,245"
2005,Molokai,Molokaʻi,Maui,Maui,Herbivores,Inshore — Reef,71245.35504390174,"$71,245"
2005,Molokai,Molokaʻi,Maui,Maui,Herbivores,Coastal — Open Ocean,0.0,$0
2005,Oahu,Oʻahu,Honolulu,Honolulu,Herbivores,All Ecosystems,316375.55467450985,"$316,376"
2005,Oahu,Oʻahu,Honolulu,Honolulu,Herbivores,Inshore — Reef,316375.55467450985,"$316,376"
2005,Oahu,Oʻahu,Honolulu,Honolulu,Herbivores,Coastal — Open Ocean,0.0,$0
2006,Hawaii,Hawaiʻi,Hawaii,Hawaiʻi,Herbivores,All Ecosystems,479514.304195291,"$479,514"
2006,Hawaii,Hawaiʻi,Hawaii,Hawaiʻi,Herbivores,Inshore — Reef,479514.304195291,"$479,514"
2006,Hawaii,Hawaiʻi,Hawaii,Hawaiʻi,Herbivores,Coastal — Open Ocean,0.0,$0
2006,Kauai,Kauaʻi,Kauai,Kauaʻi,Herbivores,All Ecosystems,117619.03022965204,"$117,619"
2006,Kauai,Kauaʻi,Kauai,Kauaʻi,Herbivores,Inshore — Reef,117619.03022965204,"$117,619"
2006,Kauai,Kauaʻi,Kauai,Kauaʻi,Herbivores,Coastal — Open Ocean,0.0,$0
2006,Lanai,Lānaʻi,Maui,Maui,Herbivores,All Ecosystems,13259.726998305016,"$13,260"
2006,Lanai,Lānaʻi,Maui,Maui,Herbivores,Inshore — Reef,13259.726998305016,"$13,260"
2006,Lanai,Lānaʻi,Maui,Maui,Herbivores,Coastal — Open Ocean,0.0,$0
2006,Maui,Maui,Maui,Maui,Herbivores,All Ecosystems,208992.4928610701,"$208,992"
2006,Maui,Maui,Maui,Maui,Herbivores,Inshore — Reef,208992.4928610701,"$208,992"
2006,Maui,Maui,Maui,Maui,Herbivores,Coastal — Open Ocean,0.0,$0
2006,Molokai,Molokaʻi,Maui,Maui,Herbivores,All Ecosystems,113612.58306591387,"$113,613"
2006,Molokai,Molokaʻi,Maui,Maui,Herbivores,Inshore — Reef,113612.58306591387,"$113,613"
2006,Molokai,Molokaʻi,Maui,Maui,Herbivores,Coastal — Open Ocean,0.0,$0
2006,Oahu,Oʻahu,Honolulu,Honolulu,Herbivores,All Ecosystems,504271.8953593466,"$504,272"
2006,Oahu,Oʻahu,Honolulu,Honolulu,Herbivores,Inshore — Reef,504271.8953593466,"$504,272"
2006,Oahu,Oʻahu,Honolulu,Honolulu,Herbivores,Coastal — Open Ocean,0.0,$0
2007,Hawaii,Hawaiʻi,Hawaii,Hawaiʻi,Herbivores,All Ecosystems,386309.3728236365,"$386,309"
2007,Hawaii,Hawaiʻi,Hawaii,Hawaiʻi,Herbivores,Inshore — Reef,386309.3728236365,"$386,309"
2007,Hawaii,Hawaiʻi,Hawaii,Hawaiʻi,Herbivores,Coastal — Open Ocean,0.0,$0
2007,Kauai,Kauaʻi,Kauai,Kauaʻi,Herbivores,All Ecosystems,94767.90860470774,"$94,768"
2007,Kauai,Kauaʻi,Kauai,Kauaʻi,Herbivores,Inshore — Reef,94767.90860470774,"$94,768"
2007,Kauai,Kauaʻi,Kauai,Kauaʻi,Herbivores,Coastal — Open Ocean,0.0,$0
2007,Lanai,Lānaʻi,Maui,Maui,Herbivores,All Ecosystems,10677.33705331817,"$10,677"
2007,Lanai,Lānaʻi,Maui,Maui,Herbivores,Inshore — Reef,10677.33705331817,"$10,677"
2007,Lanai,Lānaʻi,Maui,Maui,Herbivores,Coastal — Open Ocean,0.0,$0
2007,Maui,Maui,Maui,Maui,Herbivores,All Ecosystems,168290.28894607603,"$168,290"
2007,Maui,Maui,Maui,Maui,Herbivores,Inshore — Reef,168290.28894607603,"$168,290"
2007,Maui,Maui,Maui,Maui,Herbivores,Coastal — Open Ocean,0.0,$0
2007,Molokai,Molokaʻi,Maui,Maui,Herbivores,All Ecosystems,91486.03459542854,"$91,486"
2007,Molokai,Molokaʻi,Maui,Maui,Herbivores,Inshore — Reef,91486.03459542854,"$91,486"
2007,Molokai,Molokaʻi,Maui,Maui,Herbivores,Coastal — Open Ocean,0.0,$0
2007,Oahu,Oʻahu,Honolulu,Honolulu,Herbivores,All Ecosystems,405811.3041324701,"$405,811"
2007,Oahu,Oʻahu,Honolulu,Honolulu,Herbivores,Inshore — Reef,405811.3041324701,"$405,811"
2007,Oahu,Oʻahu,Honolulu,Honolulu,Herbivores,Coastal — Open Ocean,0.0,$0
2008,Hawaii,Hawaiʻi,Hawaii,Hawaiʻi,Herbivores,All Ecosystems,340139.3721046048,"$340,139"
2008,Hawaii,Hawaiʻi,Hawaii,Hawaiʻi,Herbivores,Inshore — Reef,340139.3721046048,"$340,139"
2008,Hawaii,Hawaiʻi,Hawaii,Hawaiʻi,Herbivores,Coastal — Open Ocean,0.0,$0
2008,Kauai,Kauaʻi,Kauai,Kauaʻi,Herbivores,All Ecosystems,83452.13003184032,"$83,452"
2008,Kauai,Kauaʻi,Kauai,Kauaʻi,Herbivores,Inshore — Reef,83452.13003184032,"$83,452"
2008,Kauai,Kauaʻi,Kauai,Kauaʻi,Herbivores,Coastal — Open Ocean,0.0,$0
2008,Lanai,Lānaʻi,Maui,Maui,Herbivores,All Ecosystems,9396.387563980536,"$9,396"
2008,Lanai,Lānaʻi,Maui,Maui,Herbivores,Inshore — Reef,9396.387563980536,"$9,396"
2008,Lanai,Lānaʻi,Maui,Maui,Herbivores,Coastal — Open Ocean,0.0,$0
2008,Maui,Maui,Maui,Maui,Herbivores,All Ecosystems,148100.6706349292,"$148,101"
2008,Maui,Maui,Maui,Maui,Herbivores,Inshore — Reef,148100.6706349292,"$148,101"
2008,Maui,Maui,Maui,Maui,Herbivores,Coastal — Open Ocean,0.0,$0
2008,Molokai,Molokaʻi,Maui,Maui,Herbivores,All Ecosystems,80510.54616499442,"$80,511"
2008,Molokai,Molokaʻi,Maui,Maui,Herbivores,Inshore — Reef,80510.54616499442,"$80,511"
2008,Molokai,Molokaʻi,Maui,Maui,Herbivores,Coastal — Open Ocean,0.0,$0
2008,Oahu,Oʻahu,Honolulu,Honolulu,Herbivores,All Ecosystems,356885.32979219535,"$356,885"
2008,Oahu,Oʻahu,Honolulu,Honolulu,Herbivores,Inshore — Reef,356885.32979219535,"$356,885"
2008,Oahu,Oʻahu,Honolulu,Honolulu,Herbivores,Coastal — Open Ocean,0.0,$0
2009,Hawaii,Hawaiʻi,Hawaii,Hawaiʻi,Herbivores,All Ecosystems,245265.28418267524,"$245,265"
2009,Hawaii,Hawaiʻi,Hawaii,Hawaiʻi,Herbivores,Inshore — Reef,245265.28418267524,"$245,265"
2009,Hawaii,Hawaiʻi,Hawaii,Hawaiʻi,Herbivores,Coastal — Open Ocean,0.0,$0
2009,Kauai,Kauaʻi,Kauai,Kauaʻi,Herbivores,All Ecosystems,60180.03245591532,"$60,180"
2009,Kauai,Kauaʻi,Kauai,Kauaʻi,Herbivores,Inshore — Reef,60180.03245591532,"$60,180"
2009,Kauai,Kauaʻi,Kauai,Kauaʻi,Herbivores,Coastal — Open Ocean,0.0,$0
2009,Lanai,Lānaʻi,Maui,Maui,Herbivores,All Ecosystems,6773.184871881074,"$6,773"
2009,Lanai,Lānaʻi,Maui,Maui,Herbivores,Inshore — Reef,6773.184871881074,"$6,773"
2009,Lanai,Lānaʻi,Maui,Maui,Herbivores,Coastal — Open Ocean,0.0,$0
2009,Maui,Maui,Maui,Maui,Herbivores,All Ecosystems,106755.19874310096,"$106,755"
2009,Maui,Maui,Maui,Maui,Herbivores,Inshore — Reef,106755.19874310096,"$106,755"
2009,Maui,Maui,Maui,Maui,Herbivores,Coastal — Open Ocean,0.0,$0
2009,Molokai,Molokaʻi,Maui,Maui,Herbivores,All Ecosystems,58034.304098096974,"$58,034"
2009,Molokai,Molokaʻi,Maui,Maui,Herbivores,Inshore — Reef,58034.304098096974,"$58,034"
2009,Molokai,Molokaʻi,Maui,Maui,Herbivores,Coastal — Open Ocean,0.0,$0
2009,Oahu,Oʻahu,Honolulu,Honolulu,Herbivores,All Ecosystems,257138.71938091813,"$257,139"
2009,Oahu,Oʻahu,Honolulu,Honolulu,Herbivores,Inshore — Reef,257138.71938091813,"$257,139"
2009,Oahu,Oʻahu,Honolulu,Honolulu,Herbivores,Coastal — Open Ocean,0.0,$0
2010,Hawaii,Hawaiʻi,Hawaii,Hawaiʻi,Herbivores,All Ecosystems,378892.4008672819,"$378,892"
2010,Hawaii,Hawaiʻi,Hawaii,Hawaiʻi,Herbivores,Inshore — Reef,378892.4008672819,"$378,892"
2010,Hawaii,Hawaiʻi,Hawaii,Hawaiʻi,Herbivores,Coastal — Open Ocean,0.0,$0
2010,Kauai,Kauaʻi,Kauai,Kauaʻi,Herbivores,All Ecosystems,92967.9769770225,"$92,968"
2010,Kauai,Kauaʻi,Kauai,Kauaʻi,Herbivores,Inshore — Reef,92967.9769770225,"$92,968"
2010,Kauai,Kauaʻi,Kauai,Kauaʻi,Herbivores,Coastal — Open Ocean,0.0,$0
2010,Lanai,Lānaʻi,Maui,Maui,Herbivores,All Ecosystems,10463.284230927213,"$10,463"
2010,Lanai,Lānaʻi,Maui,Maui,Herbivores,Inshore — Reef,10463.284230927213,"$10,463"
2010,Lanai,Lānaʻi,Maui,Maui,Herbivores,Coastal — Open Ocean,0.0,$0
2010,Maui,Maui,Maui,Maui,Herbivores,All Ecosystems,164916.50659285317,"$164,917"
2010,Maui,Maui,Maui,Maui,Herbivores,Inshore — Reef,164916.50659285317,"$164,917"
2010,Maui,Maui,Maui,Maui,Herbivores,Coastal — Open Ocean,0.0,$0
2010,Molokai,Molokaʻi,Maui,Maui,Herbivores,All Ecosystems,89651.97767498858,"$89,652"
2010,Molokai,Molokaʻi,Maui,Maui,Herbivores,Inshore — Reef,89651.97767498858,"$89,652"
2010,Molokai,Molokaʻi,Maui,Maui,Herbivores,Coastal — Open Ocean,0.0,$0
2010,Oahu,Oʻahu,Honolulu,Honolulu,Herbivores,All Ecosystems,397224.8124995066,"$397,225"
2010,Oahu,Oʻahu,Honolulu,Honolulu,Herbivores,Inshore — Reef,397224.8124995066,"$397,225"
2010,Oahu,Oʻahu,Honolulu,Honolulu,Herbivores,Coastal — Open Ocean,0.0,$0
2011,Hawaii,Hawaiʻi,Hawaii,Hawaiʻi,Herbivores,All Ecosystems,194737.42906702615,"$194,737"
2011,Hawaii,Hawaiʻi,Hawaii,Hawaiʻi,Herbivores,Inshore — Reef,194737.42906702615,"$194,737"
2011,Hawaii,Hawaiʻi,Hawaii,Hawaiʻi,Herbivores,Coastal — Open Ocean,0.0,$0
2011,Kauai,Kauaʻi,Kauai,Kauaʻi,Herbivores,All Ecosystems,47786.56775323905,"$47,787"
2011,Kauai,Kauaʻi,Kauai,Kauaʻi,Herbivores,Inshore — Reef,47786.56775323905,"$47,787"
2011,Kauai,Kauaʻi,Kauai,Kauaʻi,Herbivores,Coastal — Open Ocean,0.0,$0
2011,Lanai,Lānaʻi,Maui,Maui,Herbivores,All Ecosystems,5375.780953309742,"$5,376"
2011,Lanai,Lānaʻi,Maui,Maui,Herbivores,Inshore — Reef,5375.780953309742,"$5,376"
2011,Lanai,Lānaʻi,Maui,Maui,Herbivores,Coastal — Open Ocean,0.0,$0
2011,Maui,Maui,Maui,Maui,Herbivores,All Ecosystems,84730.09004264408,"$84,730"
2011,Maui,Maui,Maui,Maui,Herbivores,Inshore — Reef,84730.09004264408,"$84,730"
2011,Maui,Maui,Maui,Maui,Herbivores,Coastal — Open Ocean,0.0,$0
2011,Molokai,Molokaʻi,Maui,Maui,Herbivores,All Ecosystems,46061.00564364058,"$46,061"
2011,Molokai,Molokaʻi,Maui,Maui,Herbivores,Inshore — Reef,46061.00564364058,"$46,061"
2011,Molokai,Molokaʻi,Maui,Maui,Herbivores,Coastal — Open Ocean,0.0,$0
2011,Oahu,Oʻahu,Honolulu,Honolulu,Herbivores,All Ecosystems,203985.67077024287,"$203,986"
2011,Oahu,Oʻahu,Honolulu,Honolulu,Herbivores,Inshore — Reef,203985.67077024287,"$203,986"
2011,Oahu,Oʻahu,Honolulu,Honolulu,Herbivores,Coastal — Open Ocean,0.0,$0
2012,Hawaii,Hawaiʻi,Hawaii,Hawaiʻi,Herbivores,All Ecosystems,287989.8441363972,"$287,990"
2012,Hawaii,Hawaiʻi,Hawaii,Hawaiʻi,Herbivores,Inshore — Reef,287989.8441363972,"$287,990"
2012,Hawaii,Hawaiʻi,Hawaii,Hawaiʻi,Herbivores,Coastal — Open Ocean,0.0,$0
2012,Kauai,Kauaʻi,Kauai,Kauaʻi,Herbivores,All Ecosystems,70677.29898857608,"$70,677"
2012,Kauai,Kauaʻi,Kauai,Kauaʻi,Herbivores,Inshore — Reef,70677.29898857608,"$70,677"
2012,Kauai,Kauaʻi,Kauai,Kauaʻi,Herbivores,Coastal — Open Ocean,0.0,$0
2012,Lanai,Lānaʻi,Maui,Maui,Herbivores,All Ecosystems,7946.549874122504,"$7,947"
2012,Lanai,Lānaʻi,Maui,Maui,Herbivores,Inshore — Reef,7946.549874122504,"$7,947"
2012,Lanai,Lānaʻi,Maui,Maui,Herbivores,Coastal — Open Ocean,0.0,$0
2012,Maui,Maui,Maui,Maui,Herbivores,All Ecosystems,125249.12979354552,"$125,249"
2012,Maui,Maui,Maui,Maui,Herbivores,Inshore — Reef,125249.12979354552,"$125,249"
2012,Maui,Maui,Maui,Maui,Herbivores,Coastal — Open Ocean,0.0,$0
2012,Molokai,Molokaʻi,Maui,Maui,Herbivores,All Ecosystems,68087.9823375382,"$68,088"
2012,Molokai,Molokaʻi,Maui,Maui,Herbivores,Inshore — Reef,68087.9823375382,"$68,088"
2012,Molokai,Molokaʻi,Maui,Maui,Herbivores,Coastal — Open Ocean,0.0,$0
2012,Oahu,Oʻahu,Honolulu,Honolulu,Herbivores,All Ecosystems,301360.19611654046,"$301,360"
2012,Oahu,Oʻahu,Honolulu,Honolulu,Herbivores,Inshore — Reef,301360.19611654046,"$301,360"
2012,Oahu,Oʻahu,Honolulu,Honolulu,Herbivores,Coastal — Open Ocean,0.0,$0
2013,Hawaii,Hawaiʻi,Hawaii,Hawaiʻi,Herbivores,All Ecosystems,304381.81054542196,"$304,382"
2013,Hawaii,Hawaiʻi,Hawaii,Hawaiʻi,Herbivores,Inshore — Reef,304381.81054542196,"$304,382"
2013,Hawaii,Hawaiʻi,Hawaii,Hawaiʻi,Herbivores,Coastal — Open Ocean,0.0,$0
2013,Kauai,Kauaʻi,Kauai,Kauaʻi,Herbivores,All Ecosystems,74706.03167099808,"$74,706"
2013,Kauai,Kauaʻi,Kauai,Kauaʻi,Herbivores,Inshore — Reef,74706.03167099808,"$74,706"
2013,Kauai,Kauaʻi,Kauai,Kauaʻi,Herbivores,Coastal — Open Ocean,0.0,$0
2013,Lanai,Lānaʻi,Maui,Maui,Herbivores,All Ecosystems,8396.134930797589,"$8,396"
2013,Lanai,Lānaʻi,Maui,Maui,Herbivores,Inshore — Reef,8396.134930797589,"$8,396"
2013,Lanai,Lānaʻi,Maui,Maui,Herbivores,Coastal — Open Ocean,0.0,$0
2013,Maui,Maui,Maui,Maui,Herbivores,All Ecosystems,132335.2411259751,"$132,335"
2013,Maui,Maui,Maui,Maui,Herbivores,Inshore — Reef,132335.2411259751,"$132,335"
2013,Maui,Maui,Maui,Maui,Herbivores,Coastal — Open Ocean,0.0,$0
2013,Molokai,Molokaʻi,Maui,Maui,Herbivores,All Ecosystems,71940.13703146372,"$71,940"
2013,Molokai,Molokaʻi,Maui,Maui,Herbivores,Inshore — Reef,71940.13703146372,"$71,940"
2013,Molokai,Molokaʻi,Maui,Maui,Herbivores,Coastal — Open Ocean,0.0,$0
2013,Oahu,Oʻahu,Honolulu,Honolulu,Herbivores,All Ecosystems,318274.18923509994,"$318,274"
2013,Oahu,Oʻahu,Honolulu,Honolulu,Herbivores,Inshore — Reef,318274.18923509994,"$318,274"
2013,Oahu,Oʻahu,Honolulu,Honolulu,Herbivores,Coastal — Open Ocean,0.0,$0
2014,Hawaii,Hawaiʻi,Hawaii,Hawaiʻi,Herbivores,All Ecosystems,292404.4481848703,"$292,404"
2014,Hawaii,Hawaiʻi,Hawaii,Hawaiʻi,Herbivores,Inshore — Reef,292404.4481848703,"$292,404"
2014,Hawaii,Hawaiʻi,Hawaii,Hawaiʻi,Herbivores,Coastal — Open Ocean,0.0,$0
2014,Kauai,Kauaʻi,Kauai,Kauaʻi,Herbivores,All Ecosystems,71770.55625906047,"$71,771"
2014,Kauai,Kauaʻi,Kauai,Kauaʻi,Herbivores,Inshore — Reef,71770.55625906047,"$71,771"
2014,Kauai,Kauaʻi,Kauai,Kauaʻi,Herbivores,Coastal — Open Ocean,0.0,$0
2014,Lanai,Lānaʻi,Maui,Maui,Herbivores,All Ecosystems,8063.809830645455,"$8,064"
2014,Lanai,Lānaʻi,Maui,Maui,Herbivores,Inshore — Reef,8063.809830645455,"$8,064"
2014,Lanai,Lānaʻi,Maui,Maui,Herbivores,Coastal — Open Ocean,0.0,$0
2014,Maui,Maui,Maui,Maui,Herbivores,All Ecosystems,127097.31645905116,"$127,097"
2014,Maui,Maui,Maui,Maui,Herbivores,Inshore — Reef,127097.31645905116,"$127,097"
2014,Maui,Maui,Maui,Maui,Herbivores,Coastal — Open Ocean,0.0,$0
2014,Molokai,Molokaʻi,Maui,Maui,Herbivores,All Ecosystems,69092.69431633478,"$69,093"
2014,Molokai,Molokaʻi,Maui,Maui,Herbivores,Inshore — Reef,69092.69431633478,"$69,093"
2014,Molokai,Molokaʻi,Maui,Maui,Herbivores,Coastal — Open Ocean,0.0,$0
2014,Oahu,Oʻahu,Honolulu,Honolulu,Herbivores,All Ecosystems,305579.87085042073,"$305,580"
2014,Oahu,Oʻahu,Honolulu,Honolulu,Herbivores,Inshore — Reef,305579.87085042073,"$305,580"
2014,Oahu,Oʻahu,Honolulu,Honolulu,Herbivores,Coastal — Open Ocean,0.0,$0
2015,Hawaii,Hawaiʻi,Hawaii,Hawaiʻi,Herbivores,All Ecosystems,215166.20991879475,"$215,166"
2015,Hawaii,Hawaiʻi,Hawaii,Hawaiʻi,Herbivores,Inshore — Reef,215166.20991879475,"$215,166"
2015,Hawaii,Hawaiʻi,Hawaii,Hawaiʻi,Herbivores,Coastal — Open Ocean,0.0,$0
2015,Kauai,Kauaʻi,Kauai,Kauaʻi,Herbivores,All Ecosystems,52818.90824206955,"$52,819"
2015,Kauai,Kauaʻi,Kauai,Kauaʻi,Herbivores,Inshore — Reef,52818.90824206955,"$52,819"
2015,Kauai,Kauaʻi,Kauai,Kauaʻi,Herbivores,Coastal — Open Ocean,0.0,$0
2015,Lanai,Lānaʻi,Maui,Maui,Herbivores,All Ecosystems,5930.783315757977,"$5,931"
2015,Lanai,Lānaʻi,Maui,Maui,Herbivores,Inshore — Reef,5930.783315757977,"$5,931"
2015,Lanai,Lānaʻi,Maui,Maui,Herbivores,Coastal — Open Ocean,0.0,$0
2015,Maui,Maui,Maui,Maui,Herbivores,All Ecosystems,93477.73072081694,"$93,478"
2015,Maui,Maui,Maui,Maui,Herbivores,Inshore — Reef,93477.73072081694,"$93,478"
2015,Maui,Maui,Maui,Maui,Herbivores,Coastal — Open Ocean,0.0,$0
2015,Molokai,Molokaʻi,Maui,Maui,Herbivores,All Ecosystems,50816.40158908418,"$50,816"
2015,Molokai,Molokaʻi,Maui,Maui,Herbivores,Inshore — Reef,50816.40158908418,"$50,816"
2015,Molokai,Molokaʻi,Maui,Maui,Herbivores,Coastal — Open Ocean,0.0,$0
2015,Oahu,Oʻahu,Honolulu,Honolulu,Herbivores,All Ecosystems,224599.44514484177,"$224,599"
2015,Oahu,Oʻahu,Honolulu,Honolulu,Herbivores,Inshore — Reef,224599.44514484177,"$224,599"
2015,Oahu,Oʻahu,Honolulu,Honolulu,Herbivores,Coastal — Open Ocean,0.0,$0
2016,Hawaii,Hawaiʻi,Hawaii,Hawaiʻi,Herbivores,All Ecosystems,186203.6120944128,"$186,204"
2016,Hawaii,Hawaiʻi,Hawaii,Hawaiʻi,Herbivores,Inshore — Reef,186203.6120944128,"$186,204"
2016,Hawaii,Hawaiʻi,Hawaii,Hawaiʻi,Herbivores,Coastal — Open Ocean,0.0,$0
2016,Kauai,Kauaʻi,Kauai,Kauaʻi,Herbivores,All Ecosystems,45711.79936959219,"$45,712"
2016,Kauai,Kauaʻi,Kauai,Kauaʻi,Herbivores,Inshore — Reef,45711.79936959219,"$45,712"
2016,Kauai,Kauaʻi,Kauai,Kauaʻi,Herbivores,Coastal — Open Ocean,0.0,$0
2016,Lanai,Lānaʻi,Maui,Maui,Herbivores,All Ecosystems,5131.255533377292,"$5,131"
2016,Lanai,Lānaʻi,Maui,Maui,Herbivores,Inshore — Reef,5131.255533377292,"$5,131"
2016,Lanai,Lānaʻi,Maui,Maui,Herbivores,Coastal — Open Ocean,0.0,$0
2016,Maui,Maui,Maui,Maui,Herbivores,All Ecosystems,80876.01543868614,"$80,876"
2016,Maui,Maui,Maui,Maui,Herbivores,Inshore — Reef,80876.01543868614,"$80,876"
2016,Maui,Maui,Maui,Maui,Herbivores,Coastal — Open Ocean,0.0,$0
2016,Molokai,Molokaʻi,Maui,Maui,Herbivores,All Ecosystems,43965.85205659055,"$43,966"
2016,Molokai,Molokaʻi,Maui,Maui,Herbivores,Inshore — Reef,43965.85205659055,"$43,966"
2016,Molokai,Molokaʻi,Maui,Maui,Herbivores,Coastal — Open Ocean,0.0,$0
2016,Oahu,Oʻahu,Honolulu,Honolulu,Herbivores,All Ecosystems,194260.75676688665,"$194,261"
2016,Oahu,Oʻahu,Honolulu,Honolulu,Herbivores,Inshore — Reef,194260.75676688665,"$194,261"
2016,Oahu,Oʻahu,Honolulu,Honolulu,Herbivores,Coastal — Open Ocean,0.0,$0
2017,Hawaii,Hawaiʻi,Hawaii,Hawaiʻi,Herbivores,All Ecosystems,144100.76580814164,"$144,101"
2017,Hawaii,Hawaiʻi,Hawaii,Hawaiʻi,Herbivores,Inshore — Reef,144100.76580814164,"$144,101"
2017,Hawaii,Hawaiʻi,Hawaii,Hawaiʻi,Herbivores,Coastal — Open Ocean,0.0,$0
2017,Kauai,Kauaʻi,Kauai,Kauaʻi,Herbivores,All Ecosystems,35377.78985235419,"$35,378"
2017,Kauai,Kauaʻi,Kauai,Kauaʻi,Herbivores,Inshore — Reef,35377.78985235419,"$35,378"
2017,Kauai,Kauaʻi,Kauai,Kauaʻi,Herbivores,Coastal — Open Ocean,0.0,$0
2017,Lanai,Lānaʻi,Maui,Maui,Herbivores,All Ecosystems,3970.10618892658,"$3,970"
2017,Lanai,Lānaʻi,Maui,Maui,Herbivores,Inshore — Reef,3970.10618892658,"$3,970"
2017,Lanai,Lānaʻi,Maui,Maui,Herbivores,Coastal — Open Ocean,0.0,$0
2017,Maui,Maui,Maui,Maui,Herbivores,All Ecosystems,62574.620838950264,"$62,575"
2017,Maui,Maui,Maui,Maui,Herbivores,Inshore — Reef,62574.620838950264,"$62,575"
2017,Maui,Maui,Maui,Maui,Herbivores,Coastal — Open Ocean,0.0,$0
2017,Molokai,Molokaʻi,Maui,Maui,Herbivores,All Ecosystems,34016.84055995858,"$34,017"
2017,Molokai,Molokaʻi,Maui,Maui,Herbivores,Inshore — Reef,34016.84055995858,"$34,017"
2017,Molokai,Molokaʻi,Maui,Maui,Herbivores,Coastal — Open Ocean,0.0,$0
2017,Oahu,Oʻahu,Honolulu,Honolulu,Herbivores,All Ecosystems,150256.03038066794,"$150,256"
2017,Oahu,Oʻahu,Honolulu,Honolulu,Herbivores,Inshore — Reef,150256.03038066794,"$150,256"
2017,Oahu,Oʻahu,Honolulu,Honolulu,Herbivores,Coastal — Open Ocean,0.0,$0
2018,Hawaii,Hawaiʻi,Hawaii,Hawaiʻi,Herbivores,All Ecosystems,286937.7025861592,"$286,938"
2018,Hawaii,Hawaiʻi,Hawaii,Hawaiʻi,Herbivores,Inshore — Reef,286937.7025861592,"$286,938"
2018,Hawaii,Hawaiʻi,Hawaii,Hawaiʻi,Herbivores,Coastal — Open Ocean,0.0,$0
2018,Kauai,Kauaʻi,Kauai,Kauaʻi,Herbivores,All Ecosystems,70448.59430865446,"$70,449"
2018,Kauai,Kauaʻi,Kauai,Kauaʻi,Herbivores,Inshore — Reef,70448.59430865446,"$70,449"
2018,Kauai,Kauaʻi,Kauai,Kauaʻi,Herbivores,Coastal — Open Ocean,0.0,$0
2018,Lanai,Lānaʻi,Maui,Maui,Herbivores,All Ecosystems,7903.869169551243,"$7,904"
2018,Lanai,Lānaʻi,Maui,Maui,Herbivores,Inshore — Reef,7903.869169551243,"$7,904"
2018,Lanai,Lānaʻi,Maui,Maui,Herbivores,Coastal — Open Ocean,0.0,$0
2018,Maui,Maui,Maui,Maui,Herbivores,All Ecosystems,124576.42010302511,"$124,576"
2018,Maui,Maui,Maui,Maui,Herbivores,Inshore — Reef,124576.42010302511,"$124,576"
2018,Maui,Maui,Maui,Maui,Herbivores,Coastal — Open Ocean,0.0,$0
2018,Molokai,Molokaʻi,Maui,Maui,Herbivores,All Ecosystems,67722.28362488492,"$67,722"
2018,Molokai,Molokaʻi,Maui,Maui,Herbivores,Inshore — Reef,67722.28362488492,"$67,722"
2018,Molokai,Molokaʻi,Maui,Maui,Herbivores,Coastal — Open Ocean,0.0,$0
2018,Oahu,Oʻahu,Honolulu,Honolulu,Herbivores,All Ecosystems,299060.4311659576,"$299,060"
2018,Oahu,Oʻahu,Honolulu,Honolulu,Herbivores,Inshore — Reef,299060.4311659576,"$299,060"
2018,Oahu,Oʻahu,Honolulu,Honolulu,Herbivores,Coastal — Open Ocean,0.0,$0
2019,Hawaii,Hawaiʻi,Hawaii,Hawaiʻi,Herbivores,All Ecosystems,230850.1013204147,"$230,850"
2019,Hawaii,Hawaiʻi,Hawaii,Hawaiʻi,Herbivores,Inshore — Reef,230850.1013204147,"$230,850"
2019,Hawaii,Hawaiʻi,Hawaii,Hawaiʻi,Herbivores,Coastal — Open Ocean,0.0,$0
2019,Kauai,Kauaʻi,Kauai,Kauaʻi,Herbivores,All Ecosystems,56681.66919341216,"$56,682"
2019,Kauai,Kauaʻi,Kauai,Kauaʻi,Herbivores,Inshore — Reef,56681.66919341216,"$56,682"
2019,Kauai,Kauaʻi,Kauai,Kauaʻi,Herbivores,Coastal — Open Ocean,0.0,$0
2019,Lanai,Lānaʻi,Maui,Maui,Herbivores,All Ecosystems,6357.221906350321,"$6,357"
2019,Lanai,Lānaʻi,Maui,Maui,Herbivores,Inshore — Reef,6357.221906350321,"$6,357"
2019,Lanai,Lānaʻi,Maui,Maui,Herbivores,Coastal — Open Ocean,0.0,$0
2019,Maui,Maui,Maui,Maui,Herbivores,All Ecosystems,100199.02023993355,"$100,199"
2019,Maui,Maui,Maui,Maui,Herbivores,Inshore — Reef,100199.02023993355,"$100,199"
2019,Maui,Maui,Maui,Maui,Herbivores,Coastal — Open Ocean,0.0,$0
2019,Molokai,Molokaʻi,Maui,Maui,Herbivores,All Ecosystems,54470.23170205536,"$54,470"
2019,Molokai,Molokaʻi,Maui,Maui,Herbivores,Inshore — Reef,54470.23170205536,"$54,470"
2019,Molokai,Molokaʻi,Maui,Maui,Herbivores,Coastal — Open Ocean,0.0,$0
2019,Oahu,Oʻahu,Honolulu,Honolulu,Herbivores,All Ecosystems,240455.55995033693,"$240,456"
2019,Oahu,Oʻahu,Honolulu,Honolulu,Herbivores,Inshore — Reef,240455.55995033693,"$240,456"
2019,Oahu,Oʻahu,Honolulu,Honolulu,Herbivores,Coastal — Open Ocean,0.0,$0
2020,Hawaii,Hawaiʻi,Hawaii,Hawaiʻi,Herbivores,All Ecosystems,218694.72620524943,"$218,695"
2020,Hawaii,Hawaiʻi,Hawaii,Hawaiʻi,Herbivores,Inshore — Reef,218694.72620524943,"$218,695"
2020,Hawaii,Hawaiʻi,Hawaii,Hawaiʻi,Herbivores,Coastal — Open Ocean,0.0,$0
2020,Kauai,Kauaʻi,Kauai,Kauaʻi,Herbivores,All Ecosystems,53704.89108938237,"$53,705"
2020,Kauai,Kauaʻi,Kauai,Kauaʻi,Herbivores,Inshore — Reef,53704.89108938237,"$53,705"
2020,Kauai,Kauaʻi,Kauai,Kauaʻi,Herbivores,Coastal — Open Ocean,0.0,$0
2020,Lanai,Lānaʻi,Maui,Maui,Herbivores,All Ecosystems,6018.881929230931,"$6,019"
2020,Lanai,Lānaʻi,Maui,Maui,Herbivores,Inshore — Reef,6018.881929230931,"$6,019"
2020,Lanai,Lānaʻi,Maui,Maui,Herbivores,Coastal — Open Ocean,0.0,$0
2020,Maui,Maui,Maui,Maui,Herbivores,All Ecosystems,94866.2924046035,"$94,866"
2020,Maui,Maui,Maui,Maui,Herbivores,Inshore — Reef,94866.2924046035,"$94,866"
2020,Maui,Maui,Maui,Maui,Herbivores,Coastal — Open Ocean,0.0,$0
2020,Molokai,Molokaʻi,Maui,Maui,Herbivores,All Ecosystems,51571.25205036949,"$51,571"
2020,Molokai,Molokaʻi,Maui,Maui,Herbivores,Inshore — Reef,51571.25205036949,"$51,571"
2020,Molokai,Molokaʻi,Maui,Maui,Herbivores,Coastal — Open Ocean,0.0,$0
2020,Oahu,Oʻahu,Honolulu,Honolulu,Herbivores,All Ecosystems,227478.09265657625,"$227,478"
2020,Oahu,Oʻahu,Honolulu,Honolulu,Herbivores,Inshore — Reef,227478.09265657625,"$227,478"
2020,Oahu,Oʻahu,Honolulu,Honolulu,Herbivores,Coastal — Open Ocean,0.0,$0
2021,Hawaii,Hawaiʻi,Hawaii,Hawaiʻi,Herbivores,All Ecosystems,311461.50078201026,"$311,462"
2021,Hawaii,Hawaiʻi,Hawaii,Hawaiʻi,Herbivores,Inshore — Reef,311461.50078201026,"$311,462"
2021,Hawaii,Hawaiʻi,Hawaii,Hawaiʻi,Herbivores,Coastal — Open Ocean,0.0,$0
2021,Kauai,Kauaʻi,Kauai,Kauaʻi,Herbivores,All Ecosystems,76494.69404953801,"$76,495"
2021,Kauai,Kauaʻi,Kauai,Kauaʻi,Herbivores,Inshore — Reef,76494.69404953801,"$76,495"
2021,Kauai,Kauaʻi,Kauai,Kauaʻi,Herbivores,Coastal — Open Ocean,0.0,$0
2021,Lanai,Lānaʻi,Maui,Maui,Herbivores,All Ecosystems,8567.806321309687,"$8,568"
2021,Lanai,Lānaʻi,Maui,Maui,Herbivores,Inshore — Reef,8567.806321309687,"$8,568"
2021,Lanai,Lānaʻi,Maui,Maui,Herbivores,Coastal — Open Ocean,0.0,$0
2021,Maui,Maui,Maui,Maui,Herbivores,All Ecosystems,135041.03075955022,"$135,041"
2021,Maui,Maui,Maui,Maui,Herbivores,Inshore — Reef,135041.03075955022,"$135,041"
2021,Maui,Maui,Maui,Maui,Herbivores,Coastal — Open Ocean,0.0,$0
2021,Molokai,Molokaʻi,Maui,Maui,Herbivores,All Ecosystems,73411.05948085428,"$73,411"
2021,Molokai,Molokaʻi,Maui,Maui,Herbivores,Inshore — Reef,73411.05948085428,"$73,411"
2021,Molokai,Molokaʻi,Maui,Maui,Herbivores,Coastal — Open Ocean,0.0,$0
2021,Oahu,Oʻahu,Honolulu,Honolulu,Herbivores,All Ecosystems,323602.7776395123,"$323,603"
2021,Oahu,Oʻahu,Honolulu,Honolulu,Herbivores,Inshore — Reef,323602.7776395123,"$323,603"
2021,Oahu,Oʻahu,Honolulu,Honolulu,Herbivores,Coastal — Open Ocean,0.0,$0
2022,Hawaii,Hawaiʻi,Hawaii,Hawaiʻi,Herbivores,All Ecosystems,137357.61548313274,"$137,358"
2022,Hawaii,Hawaiʻi,Hawaii,Hawaiʻi,Herbivores,Inshore — Reef,137357.61548313274,"$137,358"
2022,Hawaii,Hawaiʻi,Hawaii,Hawaiʻi,Herbivores,Coastal — Open Ocean,0.0,$0
2022,Kauai,Kauaʻi,Kauai,Kauaʻi,Herbivores,All Ecosystems,33744.988117901325,"$33,745"
2022,Kauai,Kauaʻi,Kauai,Kauaʻi,Herbivores,Inshore — Reef,33744.988117901325,"$33,745"
2022,Kauai,Kauaʻi,Kauai,Kauaʻi,Herbivores,Coastal — Open Ocean,0.0,$0
2022,Lanai,Lānaʻi,Maui,Maui,Herbivores,All Ecosystems,3773.8306074254215,"$3,774"
2022,Lanai,Lānaʻi,Maui,Maui,Herbivores,Inshore — Reef,3773.8306074254215,"$3,774"
2022,Lanai,Lānaʻi,Maui,Maui,Herbivores,Coastal — Open Ocean,0.0,$0
2022,Maui,Maui,Maui,Maui,Herbivores,All Ecosystems,59481.03353727151,"$59,481"
2022,Maui,Maui,Maui,Maui,Herbivores,Inshore — Reef,59481.03353727151,"$59,481"
2022,Maui,Maui,Maui,Maui,Herbivores,Coastal — Open Ocean,0.0,$0
2022,Molokai,Molokaʻi,Maui,Maui,Herbivores,All Ecosystems,32335.103386187096,"$32,335"
2022,Molokai,Molokaʻi,Maui,Maui,Herbivores,Inshore — Reef,32335.103386187096,"$32,335"
2022,Molokai,Molokaʻi,Maui,Maui,Herbivores,Coastal — Open Ocean,0.0,$0
2022,Oahu,Oʻahu,Honolulu,Honolulu,Herbivores,All Ecosystems,142303.00684317973,"$142,303"
2022,Oahu,Oʻahu,Honolulu,Honolulu,Herbivores,Inshore — Reef,142303.00684317973,"$142,303"
2022,Oahu,Oʻahu,Honolulu,Honolulu,Herbivores,Coastal — Open Ocean,0.0,$0
